{"count":1,"gauges":{"robotBehavior.CumulativeReward":{"count":6441,"max":1,"min":-1,"value":0,"weightedAverage":0.3029458}},"self":2789.0292735999997,"total":4201.0441638,"children":{"AgentSendState":{"count":5000401,"self":28.825024,"total":41.261285799999996,"children":{"CollectObservations":{"count":500041,"self":2.0652152,"total":2.0652151,"children":null},"CollectDiscreteActionMasks":{"count":500041,"self":0.6435192,"total":0.6435192,"children":null},"AgentInfo.ToProto":{"count":500041,"self":3.7562992,"total":9.7275280999999989,"children":{"GenerateSensorData":{"count":500041,"self":5.9712288,"total":5.9712289,"children":null}}}}},"DecideAction":{"count":5000401,"self":1350.1313023999999,"total":1350.1313347999999,"children":null},"AgentAct":{"count":5000401,"self":20.4956432,"total":20.6202491,"children":{"AgentInfo.ToProto":{"count":6441,"self":0.043849,"total":0.1246057,"children":{"GenerateSensorData":{"count":6441,"self":0.0807567,"total":0.0807567,"children":null}}}}}}}