{"count":1,"gauges":{"robotBehavior.CumulativeReward":{"count":5070,"max":1,"min":-1,"value":0,"weightedAverage":0.009798851}},"self":2385.2689408,"total":3544.9886397,"children":{"AgentSendState":{"count":5000301,"self":22.6803392,"total":32.3119361,"children":{"CollectObservations":{"count":500031,"self":1.7051931999999999,"total":1.7051931999999999,"children":null},"CollectDiscreteActionMasks":{"count":500031,"self":0.59536309999999992,"total":0.59536309999999992,"children":null},"AgentInfo.ToProto":{"count":500031,"self":2.9049774,"total":7.3310410999999993,"children":{"GenerateSensorData":{"count":500031,"self":4.4260636,"total":4.4260636999999994,"children":null}}}}},"DecideAction":{"count":5000301,"self":1110.8719615999998,"total":1110.8719313,"children":null},"AgentAct":{"count":5000301,"self":16.4601312,"total":16.5348583,"children":{"AgentInfo.ToProto":{"count":5070,"self":0.0258831,"total":0.0747265,"children":{"GenerateSensorData":{"count":5070,"self":0.048843399999999995,"total":0.048843399999999995,"children":null}}}}}}}