{"count":1,"gauges":{"robotBehavior.CumulativeReward":{"count":93,"max":1,"min":-1,"value":0,"weightedAverage":0.2394878}},"self":1373.737472,"total":1381.1599455,"children":{"AgentSendState":{"count":69040,"self":0.5844933,"total":0.64016469999999992,"children":{"CollectObservations":{"count":6904,"self":0.0407931,"total":0.0407931,"children":null},"CollectDiscreteActionMasks":{"count":6904,"self":0.014878299999999999,"total":0.014878299999999999,"children":null}}},"DecideAction":{"count":69040,"self":6.1542392,"total":6.1542392,"children":null},"AgentAct":{"count":69040,"self":0.6270382,"total":0.6270382,"children":null}}}