{"count":1,"gauges":{"robot Behavior.CumulativeReward":{"count":3,"max":1,"min":1,"value":1,"weightedAverage":1}},"self":31.3340352,"total":31.711280499999997,"children":{"AgentSendState":{"count":1576,"self":0.0108496,"total":0.0128163,"children":{"CollectObservations":{"count":158,"self":0.00099739999999999985,"total":0.00099739999999999985,"children":null},"CollectDiscreteActionMasks":{"count":158,"self":0.0009693,"total":0.0009693,"children":null}}},"DecideAction":{"count":1576,"self":0.34779099999999996,"total":0.34779099999999996,"children":null},"AgentAct":{"count":1576,"self":0.0156466,"total":0.0156466,"children":null}}}