{"cameraMode":{"drawMode":0,"name":"Shaded","section":"Shading Mode"},"sceneLighting":true,"audioPlay":false,"sceneViewState":{"showFog":true,"showMaterialUpdate":false,"showSkybox":true,"showFlares":true,"showImageEffects":true,"showParticleSystems":true},"in2DMode":false,"pivot":{"x":1.7549878358840943,"y":1.94966721534729,"z":2.6658108234405519},"rotation":{"x":-0.2496498078107834,"y":-0.17830140888690949,"z":0.0468330979347229,"w":-0.9506592750549316},"size":10.308744430541993,"orthographic":false}